84574, b, 3, b3, 0x36b0ea27c11bbec0, 2023-01-04 03:55:41.959113
84574, r, 1, r1, 0x36b0ea27c11bbec0, 2023-01-04 03:55:48.08136
84575, r, 3, r3, 0x36b0ea27c11bbec0, 2023-01-04 04:01:58.00492
84575, b, 3, b3, 0x36b0ea27c11bbec0, 2023-01-04 04:01:57.841847
84575, r, 1, r1, 0x36b0ea27c11bbec0, 2023-01-04 04:02:04.16389
84576, r, 3, r3, 0x36b0ea27c11bbec0, 2023-01-04 04:07:53.454205
84576, b, 3, b3, 0x36b0ea27c11bbec0, 2023-01-04 04:07:53.389073
84576, r, 1, r1, 0x36b0ea27c11bbec0, 2023-01-04 04:07:59.634949
84577, r, 3, r3, 0x36b0ea27c11bbec0, 2023-01-04 04:13:48.928009
84577, b, 3, b3, 0x36b0ea27c11bbec0, 2023-01-04 04:13:48.860165
84577, r, 1, r1, 0x36b0ea27c11bbec0, 2023-01-04 04:13:55.080077
84578, r, 3, r3, 0x36b0ea27c11bbec0, 2023-01-04 04:19:44.339946
84578, b, 3, b3, 0x36b0ea27c11bbec0, 2023-01-04 04:19:44.307479
84578, r, 1, r1, 0x36b0ea27c11bbec0, 2023-01-04 04:19:50.451958
84580, r, 3, r3, 0x36b0ea27c11bbec0, 2023-01-04 08:01:10.00256
84580, b, 3, b3, 0x36b0ea27c11bbec0, 2023-01-04 08:01:10.003028
84580, r, 1, r1, 0x36b0ea27c11bbec0, 2023-01-04 08:01:16.118654
84581, r, 3, r3, 0x36b0ea27c11bbec0, 2023-01-04 08:02:05.388467
84581, b, 3, b3, 0x36b0ea27c11bbec0, 2023-01-04 08:02:05.275252
84581, r, 1, r1, 0x36b0ea27c11bbec0, 2023-01-04 08:02:11.581535
84582, r, 3, r3, 0x36b0ea27c11bbec0, 2023-01-04 08:03:05.761499
84582, b, 3, b3, 0x36b0ea27c11bbec0, 2023-01-04 08:03:05.750026
84582, r, 1, r1, 0x36b0ea27c11bbec0, 2023-01-04 08:03:11.913367
84583, r, 3, r3, 0x36b0ea27c11bbec0, 2023-01-04 08:04:01.257932
84583, b, 3, b3, 0x36b0ea27c11bbec0, 2023-01-04 08:04:01.131484
84583, r, 1, r1, 0x36b0ea27c11bbec0, 2023-01-04 08:04:07.377561
84584, r, 3, r3, 0x36b0ea27c11bbec0, 2023-01-04 08:04:56.560381
84584, b, 3, b3, 0x36b0ea27c11bbec0, 2023-01-04 08:04:56.507879
84584, r, 1, r1, 0x36b0ea27c11bbec0, 2023-01-04 08:05:02.737087
84585, r, 3, r3, 0x36b0ea27c11bbec0, 2023-01-04 08:05:51.946459
84585, b, 3, b3, 0x36b0ea27c11bbec0, 2023-01-04 08:05:51.980421
84585, r, 1, r1, 0x36b0ea27c11bbec0, 2023-01-04 08:05:58.096944
84586, r, 3, r3, 0x36b0ea27c11bbec0, 2023-01-04 08:06:47.43686
84586, b, 3, b3, 0x36b0ea27c11bbec0, 2023-01-04 08:06:47.454993
84586, r, 1, r1, 0x36b0ea27c11bbec0, 2023-01-04 08:06:53.553236
84587, r, 3, r3, 0x36b0ea27c11bbec0, 2023-01-04 08:07:42.628802
84587, b, 3, b3, 0x36b0ea27c11bbec0, 2023-01-04 08:07:42.532251
84587, r, 1, r1, 0x36b0ea27c11bbec0, 2023-01-04 08:07:48.807737
84588, r, 3, r3, 0x36b0ea27c11bbec0, 2023-01-04 08:08:38.12096
84588, b, 3, b3, 0x36b0ea27c11bbec0, 2023-01-04 08:08:38.188766
84588, r, 1, r1, 0x36b0ea27c11bbec0, 2023-01-04 08:08:44.26644
84589, r, 3, r3, 0x36b0ea27c11bbec0, 2023-01-04 08:09:33.512709
84589, b, 3, b3, 0x36b0ea27c11bbec0, 2023-01-04 08:09:33.558505
84589, r, 1, r1, 0x36b0ea27c11bbec0, 2023-01-04 08:09:39.627816
84590, r, 3, r3, 0x36b0ea27c11bbec0, 2023-01-04 08:10:28.900408
84590, b, 3, b3, 0x36b0ea27c11bbec0, 2023-01-04 08:10:28.929001
84590, r, 1, r1, 0x36b0ea27c11bbec0, 2023-01-04 08:10:35.093436
84591, r, 3, r3, 0x36b0ea27c11bbec0, 2023-01-04 08:11:24.28971
84591, b, 3, b3, 0x36b0ea27c11bbec0, 2023-01-04 08:11:24.29717
84591, r, 1, r1, 0x36b0ea27c11bbec0, 2023-01-04 08:11:30.444711
84592, r, 3, r3, 0x36b0ea27c11bbec0, 2023-01-04 08:12:19.809582
84592, b, 3, b3, 0x36b0ea27c11bbec0, 2023-01-04 08:12:19.761632
84592, r, 1, r1, 0x36b0ea27c11bbec0, 2023-01-04 08:12:25.902611
84593, r, 3, r3, 0x36b0ea27c11bbec0, 2023-01-04 08:13:15.281947
84593, b, 3, b3, 0x36b0ea27c11bbec0, 2023-01-04 08:13:15.127073
84593, r, 1, r1, 0x36b0ea27c11bbec0, 2023-01-04 08:13:21.361312
84594, r, 3, r3, 0x36b0ea27c11bbec0, 2023-01-04 08:14:11.972846
84594, b, 3, b3, 0x36b0ea27c11bbec0, 2023-01-04 08:14:11.89905
84594, r, 1, r1, 0x36b0ea27c11bbec0, 2023-01-04 08:14:18.11403
84595, r, 3, r3, 0x36b0ea27c11bbec0, 2023-01-04 08:21:07.302978
84595, b, 3, b3, 0x36b0ea27c11bbec0, 2023-01-04 08:21:07.408016
84595, r, 1, r1, 0x36b0ea27c11bbec0, 2023-01-04 08:21:13.535923
84596, r, 3, r3, 0x36b0ea27c11bbec0, 2023-01-04 08:28:02.788418
84596, b, 3, b3, 0x36b0ea27c11bbec0, 2023-01-04 08:28:02.811065
84596, r, 1, r1, 0x36b0ea27c11bbec0, 2023-01-04 08:28:08.933426
84597, r, 3, r3, 0x36b0ea27c11bbec0, 2023-01-04 08:34:58.357518
84597, b, 3, b3, 0x36b0ea27c11bbec0, 2023-01-04 08:34:58.42495
84597, r, 1, r1, 0x36b0ea27c11bbec0, 2023-01-04 08:35:04.499228
84598, r, 3, r3, 0x36b0ea27c11bbec0, 2023-01-04 08:41:53.757203
84598, b, 3, b3, 0x36b0ea27c11bbec0, 2023-01-04 08:41:53.812757
84598, r, 1, r1, 0x36b0ea27c11bbec0, 2023-01-04 08:41:59.9769
84599, r, 3, r3, 0x36b0ea27c11bbec0, 2023-01-04 08:48:48.968494
84599, b, 3, b3, 0x36b0ea27c11bbec0, 2023-01-04 08:48:49.021907
84599, r, 1, r1, 0x36b0ea27c11bbec0, 2023-01-04 08:48:55.167324
84600, r, 3, r3, 0x36b0ea27c11bbec0, 2023-01-04 08:55:44.379026
84600, b, 3, b3, 0x36b0ea27c11bbec0, 2023-01-04 08:55:44.336111
84600, r, 1, r1, 0x36b0ea27c11bbec0, 2023-01-04 08:55:50.553051
84601, r, 3, r3, 0x36b0ea27c11bbec0, 2023-01-04 09:02:39.92044
84601, b, 3, b3, 0x36b0ea27c11bbec0, 2023-01-04 09:02:39.953327
84601, r, 1, r1, 0x36b0ea27c11bbec0, 2023-01-04 09:02:46.154443
84602, r, 3, r3, 0x36b0ea27c11bbec0, 2023-01-04 09:09:35.254626
84602, b, 3, b3, 0x36b0ea27c11bbec0, 2023-01-04 09:09:35.328382
84602, r, 1, r1, 0x36b0ea27c11bbec0, 2023-01-04 09:09:41.484702
84603, r, 3, r3, 0x36b0ea27c11bbec0, 2023-01-04 09:16:30.719188
84603, b, 3, b3, 0x36b0ea27c11bbec0, 2023-01-04 09:16:30.738642
84603, r, 1, r1, 0x36b0ea27c11bbec0, 2023-01-04 09:16:36.904844
84604, r, 3, r3, 0x36b0ea27c11bbec0, 2023-01-04 09:23:26.012345
84604, b, 3, b3, 0x36b0ea27c11bbec0, 2023-01-04 09:23:25.988687
84604, r, 1, r1, 0x36b0ea27c11bbec0, 2023-01-04 09:23:32.167001
84605, r, 3, r3, 0x36b0ea27c11bbec0, 2023-01-04 09:30:21.405891
84605, b, 3, b3, 0x36b0ea27c11bbec0, 2023-01-04 09:30:21.433877
84605, r, 1, r1, 0x36b0ea27c11bbec0, 2023-01-04 09:30:27.542984
84606, r, 3, r3, 0x36b0ea27c11bbec0, 2023-01-04 09:37:16.807015
84606, b, 3, b3, 0x36b0ea27c11bbec0, 2023-01-04 09:37:16.804318
84606, r, 1, r1, 0x36b0ea27c11bbec0, 2023-01-04 09:37:22.956238
84607, r, 3, r3, 0x36b0ea27c11bbec0, 2023-01-04 09:44:12.003161
84607, b, 3, b3, 0x36b0ea27c11bbec0, 2023-01-04 09:44:11.906667
84607, r, 1, r1, 0x36b0ea27c11bbec0, 2023-01-04 09:44:18.126582
84608, r, 3, r3, 0x36b0ea27c11bbec0, 2023-01-04 09:51:07.143902
84608, b, 3, b3, 0x36b0ea27c11bbec0, 2023-01-04 09:51:07.105265
84608, r, 1, r1, 0x36b0ea27c11bbec0, 2023-01-04 09:51:13.306278
84609, r, 3, r3, 0x36b0ea27c11bbec0, 2023-01-04 10:05:14.876024
84609, b, 3, b3, 0x36b0ea27c11bbec0, 2023-01-04 10:05:14.90363
84609, r, 1, r1, 0x36b0ea27c11bbec0, 2023-01-04 10:05:21.001662
84610, r, 3, r3, 0x36b0ea27c11bbec0, 2023-01-04 10:06:10.277115
84610, b, 3, b3, 0x36b0ea27c11bbec0, 2023-01-04 10:06:10.279298
84610, r, 1, r1, 0x36b0ea27c11bbec0, 2023-01-04 10:06:16.455641
84611, r, 3, r3, 0x36b0ea27c11bbec0, 2023-01-04 10:07:05.784544
84611, b, 3, b3, 0x36b0ea27c11bbec0, 2023-01-04 10:07:05.847229
84611, r, 1, r1, 0x36b0ea27c11bbec0, 2023-01-04 10:07:11.907117
84612, r, 3, r3, 0x36b0ea27c11bbec0, 2023-01-04 10:08:02.585203
84612, b, 3, b3, 0x36b0ea27c11bbec0, 2023-01-04 10:08:02.613013
84612, r, 1, r1, 0x36b0ea27c11bbec0, 2023-01-04 10:08:08.752056
84613, r, 3, r3, 0x36b0ea27c11bbec0, 2023-01-04 10:11:27.793571
84613, b, 3, b3, 0x36b0ea27c11bbec0, 2023-01-04 10:11:27.799999
84613, r, 1, r1, 0x36b0ea27c11bbec0, 2023-01-04 10:11:33.906777
84614, r, 3, r3, 0x36b0ea27c11bbec0, 2023-01-04 10:14:53.035141
84614, b, 3, b3, 0x36b0ea27c11bbec0, 2023-01-04 10:14:53.087366
84614, r, 1, r1, 0x36b0ea27c11bbec0, 2023-01-04 10:14:59.202554
84615, r, 3, r3, 0x36b0ea27c11bbec0, 2023-01-04 12:00:14.17728
84615, b, 3, b3, 0x36b0ea27c11bbec0, 2023-01-04 12:00:14.171759
84615, r, 1, r1, 0x36b0ea27c11bbec0, 2023-01-04 12:00:20.366519
84616, r, 3, r3, 0x36b0ea27c11bbec0, 2023-01-04 12:01:15.759201
84616, b, 3, b3, 0x36b0ea27c11bbec0, 2023-01-04 12:01:15.844606
84616, r, 1, r1, 0x36b0ea27c11bbec0, 2023-01-04 12:01:22.029575
84617, r, 3, r3, 0x36b0ea27c11bbec0, 2023-01-04 12:02:11.55914
84617, b, 3, b3, 0x36b0ea27c11bbec0, 2023-01-04 12:02:11.620438
84617, r, 1, r1, 0x36b0ea27c11bbec0, 2023-01-04 12:02:17.737
84618, r, 3, r3, 0x36b0ea27c11bbec0, 2023-01-04 12:03:09.652558
84618, b, 3, b3, 0x36b0ea27c11bbec0, 2023-01-04 12:03:09.501656
84618, r, 1, r1, 0x36b0ea27c11bbec0, 2023-01-04 12:03:15.769757
84619, r, 3, r3, 0x36b0ea27c11bbec0, 2023-01-04 12:06:35.528325
84619, b, 3, b3, 0x36b0ea27c11bbec0, 2023-01-04 12:06:35.539176
84619, r, 1, r1, 0x36b0ea27c11bbec0, 2023-01-04 12:06:41.623271
84620, r, 3, r3, 0x36b0ea27c11bbec0, 2023-01-04 12:10:00.999895
84620, b, 3, b3, 0x36b0ea27c11bbec0, 2023-01-04 12:10:00.972109
84620, r, 1, r1, 0x36b0ea27c11bbec0, 2023-01-04 12:10:07.188491
84621, r, 3, r3, 0x36b0ea27c11bbec0, 2023-01-04 14:00:15.056942
84621, b, 3, b3, 0x36b0ea27c11bbec0, 2023-01-04 14:00:15.077779
84621, r, 1, r1, 0x36b0ea27c11bbec0, 2023-01-04 14:00:21.173433
84622, r, 3, r3, 0x36b0ea27c11bbec0, 2023-01-04 14:01:10.354116
84622, b, 3, b3, 0x36b0ea27c11bbec0, 2023-01-04 14:01:10.250702
84622, r, 1, r1, 0x36b0ea27c11bbec0, 2023-01-04 14:01:16.541594
84623, r, 3, r3, 0x36b0ea27c11bbec0, 2023-01-04 14:02:05.562298
84623, b, 3, b3, 0x36b0ea27c11bbec0, 2023-01-04 14:02:05.621722
84623, r, 1, r1, 0x36b0ea27c11bbec0, 2023-01-04 14:02:11.774456
84624, r, 3, r3, 0x36b0ea27c11bbec0, 2023-01-04 14:03:02.158512
84624, b, 3, b3, 0x36b0ea27c11bbec0, 2023-01-04 14:03:02.193368
84624, r, 1, r1, 0x36b0ea27c11bbec0, 2023-01-04 14:03:08.323628
84625, r, 3, r3, 0x36b0ea27c11bbec0, 2023-01-04 14:06:27.62844
84625, b, 3, b3, 0x36b0ea27c11bbec0, 2023-01-04 14:06:27.714016
84625, r, 1, r1, 0x36b0ea27c11bbec0, 2023-01-04 14:06:33.799168
84626, r, 3, r3, 0x36b0ea27c11bbec0, 2023-01-04 14:09:52.995032
84626, b, 3, b3, 0x36b0ea27c11bbec0, 2023-01-04 14:09:52.953207
84626, r, 1, r1, 0x36b0ea27c11bbec0, 2023-01-04 14:09:59.175934
84627, r, 3, r3, 0x36b0ea27c11bbec0, 2023-01-04 16:00:14.851038
84627, b, 3, b3, 0x36b0ea27c11bbec0, 2023-01-04 16:00:14.786762
84627, r, 1, r1, 0x36b0ea27c11bbec0, 2023-01-04 16:00:21.078748
84628, r, 3, r3, 0x36b0ea27c11bbec0, 2023-01-04 16:01:10.366123
84628, b, 3, b3, 0x36b0ea27c11bbec0, 2023-01-04 16:01:10.376003
84628, r, 1, r1, 0x36b0ea27c11bbec0, 2023-01-04 16:01:16.540344
84629, r, 3, r3, 0x36b0ea27c11bbec0, 2023-01-04 16:02:05.98282
84629, b, 3, b3, 0x36b0ea27c11bbec0, 2023-01-04 16:02:05.955913
84629, r, 1, r1, 0x36b0ea27c11bbec0, 2023-01-04 16:02:12.217635
84630, r, 3, r3, 0x36b0ea27c11bbec0, 2023-01-04 16:03:02.586142
84630, b, 3, b3, 0x36b0ea27c11bbec0, 2023-01-04 16:03:02.538284
84630, r, 1, r1, 0x36b0ea27c11bbec0, 2023-01-04 16:03:08.827013
84631, r, 3, r3, 0x36b0ea27c11bbec0, 2023-01-04 16:06:28.070396
84631, b, 3, b3, 0x36b0ea27c11bbec0, 2023-01-04 16:06:28.075568
84631, r, 1, r1, 0x36b0ea27c11bbec0, 2023-01-04 16:06:34.197971
84632, r, 3, r3, 0x36b0ea27c11bbec0, 2023-01-04 16:09:53.466725
84632, b, 3, b3, 0x36b0ea27c11bbec0, 2023-01-04 16:09:53.531917
84632, r, 1, r1, 0x36b0ea27c11bbec0, 2023-01-04 16:09:59.641392
84666, r, 3, r3, 0x36b0ea27c11bbec0, 2023-01-05 08:00:14.54565
84666, b, 3, b3, 0x36b0ea27c11bbec0, 2023-01-05 08:00:14.494961
84666, r, 1, r1, 0x36b0ea27c11bbec0, 2023-01-05 08:00:20.645349
84667, r, 3, r3, 0x36b0ea27c11bbec0, 2023-01-05 08:01:09.605611
84667, b, 3, b3, 0x36b0ea27c11bbec0, 2023-01-05 08:01:09.590571
84667, r, 1, r1, 0x36b0ea27c11bbec0, 2023-01-05 08:01:15.814656
84668, r, 3, r3, 0x36b0ea27c11bbec0, 2023-01-05 08:02:05.104998
84668, b, 3, b3, 0x36b0ea27c11bbec0, 2023-01-05 08:02:04.978766
84668, r, 1, r1, 0x36b0ea27c11bbec0, 2023-01-05 08:02:11.280472
84669, r, 3, r3, 0x36b0ea27c11bbec0, 2023-01-05 08:03:01.697781
84669, b, 3, b3, 0x36b0ea27c11bbec0, 2023-01-05 08:03:01.66543
84669, r, 1, r1, 0x36b0ea27c11bbec0, 2023-01-05 08:03:07.941676
84670, r, 3, r3, 0x36b0ea27c11bbec0, 2023-01-05 08:06:27.378132
84670, b, 3, b3, 0x36b0ea27c11bbec0, 2023-01-05 08:06:27.415203
84670, r, 1, r1, 0x36b0ea27c11bbec0, 2023-01-05 08:06:33.546848
84671, r, 3, r3, 0x36b0ea27c11bbec0, 2023-01-05 08:09:52.735343
84671, b, 3, b3, 0x36b0ea27c11bbec0, 2023-01-05 08:09:52.833386
84671, r, 1, r1, 0x36b0ea27c11bbec0, 2023-01-05 08:09:58.966669
84672, r, 3, r3, 0x36b0ea27c11bbec0, 2023-01-05 10:00:15.06175
84672, b, 3, b3, 0x36b0ea27c11bbec0, 2023-01-05 10:00:15.01262
84672, r, 1, r1, 0x36b0ea27c11bbec0, 2023-01-05 10:00:21.201936
84673, r, 3, r3, 0x36b0ea27c11bbec0, 2023-01-05 10:01:10.350118
84673, b, 3, b3, 0x36b0ea27c11bbec0, 2023-01-05 10:01:10.202538
84673, r, 1, r1, 0x36b0ea27c11bbec0, 2023-01-05 10:01:16.456938
84674, r, 3, r3, 0x36b0ea27c11bbec0, 2023-01-05 10:02:08.736695
84674, b, 3, b3, 0x36b0ea27c11bbec0, 2023-01-05 10:02:08.688261
84674, r, 1, r1, 0x36b0ea27c11bbec0, 2023-01-05 10:02:14.893207
84675, r, 3, r3, 0x36b0ea27c11bbec0, 2023-01-05 10:03:05.937613
84675, b, 3, b3, 0x36b0ea27c11bbec0, 2023-01-05 10:03:05.871727
84675, r, 1, r1, 0x36b0ea27c11bbec0, 2023-01-05 10:03:12.130424
84676, r, 3, r3, 0x36b0ea27c11bbec0, 2023-01-05 10:06:36.513688
84676, b, 3, b3, 0x36b0ea27c11bbec0, 2023-01-05 10:06:36.429114
84676, r, 1, r1, 0x36b0ea27c11bbec0, 2023-01-05 10:06:42.64952
84677, r, 3, r3, 0x36b0ea27c11bbec0, 2023-01-05 10:10:01.924857
84677, b, 3, b3, 0x36b0ea27c11bbec0, 2023-01-05 10:10:02.019166
84677, r, 1, r1, 0x36b0ea27c11bbec0, 2023-01-05 10:10:08.106872
84678, r, 3, r3, 0x36b0ea27c11bbec0, 2023-01-05 12:00:14.183756
84678, b, 3, b3, 0x36b0ea27c11bbec0, 2023-01-05 12:00:14.063961
84678, r, 1, r1, 0x36b0ea27c11bbec0, 2023-01-05 12:00:20.316224
84679, r, 3, r3, 0x36b0ea27c11bbec0, 2023-01-05 12:01:09.483157
84679, b, 3, b3, 0x36b0ea27c11bbec0, 2023-01-05 12:01:09.350869
84679, r, 1, r1, 0x36b0ea27c11bbec0, 2023-01-05 12:01:15.65472
84680, r, 3, r3, 0x36b0ea27c11bbec0, 2023-01-05 12:02:04.788754
84680, b, 3, b3, 0x36b0ea27c11bbec0, 2023-01-05 12:02:04.828644
84680, r, 1, r1, 0x36b0ea27c11bbec0, 2023-01-05 12:02:11.029607
84681, r, 3, r3, 0x36b0ea27c11bbec0, 2023-01-05 12:03:01.590862
84681, b, 3, b3, 0x36b0ea27c11bbec0, 2023-01-05 12:03:01.709002
84681, r, 1, r1, 0x36b0ea27c11bbec0, 2023-01-05 12:03:07.833079
84682, r, 3, r3, 0x36b0ea27c11bbec0, 2023-01-05 12:06:26.972571
84682, b, 3, b3, 0x36b0ea27c11bbec0, 2023-01-05 12:06:26.871216
84682, r, 1, r1, 0x36b0ea27c11bbec0, 2023-01-05 12:06:33.184376
84683, r, 3, r3, 0x36b0ea27c11bbec0, 2023-01-05 12:09:54.038349
84683, b, 3, b3, 0x36b0ea27c11bbec0, 2023-01-05 12:09:54.035214
84683, r, 1, r1, 0x36b0ea27c11bbec0, 2023-01-05 12:10:00.269541
84684, r, 3, r3, 0x36b0ea27c11bbec0, 2023-01-05 14:00:14.541959
84684, b, 3, b3, 0x36b0ea27c11bbec0, 2023-01-05 14:00:14.629733
84684, r, 1, r1, 0x36b0ea27c11bbec0, 2023-01-05 14:00:20.749429
84685, r, 3, r3, 0x36b0ea27c11bbec0, 2023-01-05 14:01:10.143875
84685, b, 3, b3, 0x36b0ea27c11bbec0, 2023-01-05 14:01:10.016032
84685, r, 1, r1, 0x36b0ea27c11bbec0, 2023-01-05 14:01:16.353567
84686, r, 3, r3, 0x36b0ea27c11bbec0, 2023-01-05 14:02:05.545551
84686, b, 3, b3, 0x36b0ea27c11bbec0, 2023-01-05 14:02:05.504409
84686, r, 1, r1, 0x36b0ea27c11bbec0, 2023-01-05 14:02:11.688038
84687, r, 3, r3, 0x36b0ea27c11bbec0, 2023-01-05 14:03:02.442291
84687, b, 3, b3, 0x36b0ea27c11bbec0, 2023-01-05 14:03:02.489508
84687, r, 1, r1, 0x36b0ea27c11bbec0, 2023-01-05 14:03:08.652078
84688, r, 3, r3, 0x36b0ea27c11bbec0, 2023-01-05 14:06:27.958075
84688, b, 3, b3, 0x36b0ea27c11bbec0, 2023-01-05 14:06:27.851764
84688, r, 1, r1, 0x36b0ea27c11bbec0, 2023-01-05 14:06:34.092018
84689, r, 3, r3, 0x36b0ea27c11bbec0, 2023-01-05 14:09:53.247341
84689, b, 3, b3, 0x36b0ea27c11bbec0, 2023-01-05 14:09:53.103251
84689, r, 1, r1, 0x36b0ea27c11bbec0, 2023-01-05 14:09:59.409352
84690, r, 3, r3, 0x36b0ea27c11bbec0, 2023-01-05 16:00:14.892125
84690, b, 3, b3, 0x36b0ea27c11bbec0, 2023-01-05 16:00:14.81556
84690, r, 1, r1, 0x36b0ea27c11bbec0, 2023-01-05 16:00:21.05084
84691, r, 3, r3, 0x36b0ea27c11bbec0, 2023-01-05 16:01:10.507463
84691, b, 3, b3, 0x36b0ea27c11bbec0, 2023-01-05 16:01:10.408107
84691, r, 1, r1, 0x36b0ea27c11bbec0, 2023-01-05 16:01:16.605172
84692, r, 3, r3, 0x36b0ea27c11bbec0, 2023-01-05 16:02:05.849654
84692, b, 3, b3, 0x36b0ea27c11bbec0, 2023-01-05 16:02:05.802151
84692, r, 1, r1, 0x36b0ea27c11bbec0, 2023-01-05 16:02:11.957582
84693, r, 3, r3, 0x36b0ea27c11bbec0, 2023-01-05 16:03:02.256835
84693, b, 3, b3, 0x36b0ea27c11bbec0, 2023-01-05 16:03:02.195343
84693, r, 1, r1, 0x36b0ea27c11bbec0, 2023-01-05 16:03:08.50342
84694, r, 3, r3, 0x36b0ea27c11bbec0, 2023-01-05 16:06:27.810962
84694, b, 3, b3, 0x36b0ea27c11bbec0, 2023-01-05 16:06:27.681921
84694, r, 1, r1, 0x36b0ea27c11bbec0, 2023-01-05 16:06:33.972831
84695, r, 3, r3, 0x36b0ea27c11bbec0, 2023-01-05 16:09:52.956767
84695, b, 3, b3, 0x36b0ea27c11bbec0, 2023-01-05 16:09:52.976938
84695, r, 1, r1, 0x36b0ea27c11bbec0, 2023-01-05 16:09:59.120786
84720, r, 3, r3, 0x36b0ea27c11bbec0, 2023-01-06 08:00:14.689282
84720, b, 3, b3, 0x36b0ea27c11bbec0, 2023-01-06 08:00:14.646982
84720, r, 1, r1, 0x36b0ea27c11bbec0, 2023-01-06 08:00:20.799496
84721, r, 3, r3, 0x36b0ea27c11bbec0, 2023-01-06 08:01:10.283378
84721, b, 3, b3, 0x36b0ea27c11bbec0, 2023-01-06 08:01:10.326553
84721, r, 1, r1, 0x36b0ea27c11bbec0, 2023-01-06 08:01:16.549533
84722, r, 3, r3, 0x36b0ea27c11bbec0, 2023-01-06 08:02:05.584469
84722, b, 3, b3, 0x36b0ea27c11bbec0, 2023-01-06 08:02:05.597934
84722, r, 1, r1, 0x36b0ea27c11bbec0, 2023-01-06 08:02:11.781509
84723, r, 3, r3, 0x36b0ea27c11bbec0, 2023-01-06 08:03:02.572663
84723, b, 3, b3, 0x36b0ea27c11bbec0, 2023-01-06 08:03:02.563639
84723, r, 1, r1, 0x36b0ea27c11bbec0, 2023-01-06 08:03:08.712934
84724, r, 3, r3, 0x36b0ea27c11bbec0, 2023-01-06 08:06:27.839288
84724, b, 3, b3, 0x36b0ea27c11bbec0, 2023-01-06 08:06:27.85744
84724, r, 1, r1, 0x36b0ea27c11bbec0, 2023-01-06 08:06:34.022931
84725, r, 3, r3, 0x36b0ea27c11bbec0, 2023-01-06 08:09:53.812708
84725, b, 3, b3, 0x36b0ea27c11bbec0, 2023-01-06 08:09:53.74622
84725, r, 1, r1, 0x36b0ea27c11bbec0, 2023-01-06 08:09:59.924309
84726, r, 3, r3, 0x36b0ea27c11bbec0, 2023-01-06 10:00:14.944682
84726, b, 3, b3, 0x36b0ea27c11bbec0, 2023-01-06 10:00:14.946864
84726, r, 1, r1, 0x36b0ea27c11bbec0, 2023-01-06 10:00:21.153458
84727, r, 3, r3, 0x36b0ea27c11bbec0, 2023-01-06 10:01:10.665642
84727, b, 3, b3, 0x36b0ea27c11bbec0, 2023-01-06 10:01:10.615865
84727, r, 1, r1, 0x36b0ea27c11bbec0, 2023-01-06 10:01:16.813917
84728, r, 3, r3, 0x36b0ea27c11bbec0, 2023-01-06 10:02:06.245197
84728, b, 3, b3, 0x36b0ea27c11bbec0, 2023-01-06 10:02:06.186562
84728, r, 1, r1, 0x36b0ea27c11bbec0, 2023-01-06 10:02:12.475119
84729, r, 3, r3, 0x36b0ea27c11bbec0, 2023-01-06 10:03:03.052828
84729, b, 3, b3, 0x36b0ea27c11bbec0, 2023-01-06 10:03:02.956029
84729, r, 1, r1, 0x36b0ea27c11bbec0, 2023-01-06 10:03:09.227395
84730, r, 3, r3, 0x36b0ea27c11bbec0, 2023-01-06 10:06:28.444072
84730, b, 3, b3, 0x36b0ea27c11bbec0, 2023-01-06 10:06:28.556992
84730, r, 1, r1, 0x36b0ea27c11bbec0, 2023-01-06 10:06:34.6936
84731, r, 3, r3, 0x36b0ea27c11bbec0, 2023-01-06 10:09:54.36491
84731, b, 3, b3, 0x36b0ea27c11bbec0, 2023-01-06 10:09:54.38605
84731, r, 1, r1, 0x36b0ea27c11bbec0, 2023-01-06 10:10:00.542912
84732, r, 3, r3, 0x36b0ea27c11bbec0, 2023-01-06 12:00:14.187413
84732, b, 3, b3, 0x36b0ea27c11bbec0, 2023-01-06 12:00:14.295076
84732, r, 1, r1, 0x36b0ea27c11bbec0, 2023-01-06 12:00:20.447142
84733, r, 3, r3, 0x36b0ea27c11bbec0, 2023-01-06 12:01:09.485909
84733, b, 3, b3, 0x36b0ea27c11bbec0, 2023-01-06 12:01:09.372146
84733, r, 1, r1, 0x36b0ea27c11bbec0, 2023-01-06 12:01:15.596239
84734, r, 3, r3, 0x36b0ea27c11bbec0, 2023-01-06 12:02:05.086046
84734, b, 3, b3, 0x36b0ea27c11bbec0, 2023-01-06 12:02:05.05215
84734, r, 1, r1, 0x36b0ea27c11bbec0, 2023-01-06 12:02:11.237118
84735, r, 3, r3, 0x36b0ea27c11bbec0, 2023-01-06 12:03:01.689816
84735, b, 3, b3, 0x36b0ea27c11bbec0, 2023-01-06 12:03:01.722872
84735, r, 1, r1, 0x36b0ea27c11bbec0, 2023-01-06 12:03:07.872838
84736, r, 3, r3, 0x36b0ea27c11bbec0, 2023-01-06 12:06:27.281311
84736, b, 3, b3, 0x36b0ea27c11bbec0, 2023-01-06 12:06:27.214427
84736, r, 1, r1, 0x36b0ea27c11bbec0, 2023-01-06 12:06:33.443216
84737, r, 3, r3, 0x36b0ea27c11bbec0, 2023-01-06 12:09:52.754724
84737, b, 3, b3, 0x36b0ea27c11bbec0, 2023-01-06 12:09:52.803367
84737, r, 1, r1, 0x36b0ea27c11bbec0, 2023-01-06 12:09:58.939458
84742, r, 3, r3, 0x36b0ea27c11bbec0, 2023-01-06 14:00:14.497628
84742, b, 3, b3, 0x36b0ea27c11bbec0, 2023-01-06 14:00:14.448349
84742, r, 1, r1, 0x36b0ea27c11bbec0, 2023-01-06 14:00:20.595028
84743, r, 3, r3, 0x36b0ea27c11bbec0, 2023-01-06 14:01:09.8059
84743, b, 3, b3, 0x36b0ea27c11bbec0, 2023-01-06 14:01:09.710708
84743, r, 1, r1, 0x36b0ea27c11bbec0, 2023-01-06 14:01:15.951087
84744, r, 3, r3, 0x36b0ea27c11bbec0, 2023-01-06 14:02:05.230789
84744, b, 3, b3, 0x36b0ea27c11bbec0, 2023-01-06 14:02:05.273846
84744, r, 1, r1, 0x36b0ea27c11bbec0, 2023-01-06 14:02:11.449482
84745, r, 3, r3, 0x36b0ea27c11bbec0, 2023-01-06 14:03:02.045952
84745, b, 3, b3, 0x36b0ea27c11bbec0, 2023-01-06 14:03:02.036045
84745, r, 1, r1, 0x36b0ea27c11bbec0, 2023-01-06 14:03:08.250653
84746, r, 3, r3, 0x36b0ea27c11bbec0, 2023-01-06 14:06:27.687556
84746, b, 3, b3, 0x36b0ea27c11bbec0, 2023-01-06 14:06:27.701823
84746, r, 1, r1, 0x36b0ea27c11bbec0, 2023-01-06 14:06:33.842221
84747, r, 3, r3, 0x36b0ea27c11bbec0, 2023-01-06 14:09:52.937017
84747, b, 3, b3, 0x36b0ea27c11bbec0, 2023-01-06 14:09:52.867023
84747, r, 1, r1, 0x36b0ea27c11bbec0, 2023-01-06 14:09:59.10759
84748, r, 3, r3, 0x36b0ea27c11bbec0, 2023-01-06 16:00:14.599319
84748, b, 3, b3, 0x36b0ea27c11bbec0, 2023-01-06 16:00:14.65258
84748, r, 1, r1, 0x36b0ea27c11bbec0, 2023-01-06 16:00:20.779243
84749, r, 3, r3, 0x36b0ea27c11bbec0, 2023-01-06 16:01:10.30634
84749, b, 3, b3, 0x36b0ea27c11bbec0, 2023-01-06 16:01:10.353559
84749, r, 1, r1, 0x36b0ea27c11bbec0, 2023-01-06 16:01:16.424982
84750, r, 3, r3, 0x36b0ea27c11bbec0, 2023-01-06 16:02:05.719986
84750, b, 3, b3, 0x36b0ea27c11bbec0, 2023-01-06 16:02:05.791945
84750, r, 1, r1, 0x36b0ea27c11bbec0, 2023-01-06 16:02:11.870836
84751, r, 3, r3, 0x36b0ea27c11bbec0, 2023-01-06 16:03:02.434342
84751, b, 3, b3, 0x36b0ea27c11bbec0, 2023-01-06 16:03:02.464453
84751, r, 1, r1, 0x36b0ea27c11bbec0, 2023-01-06 16:03:08.61413
84752, r, 3, r3, 0x36b0ea27c11bbec0, 2023-01-06 16:06:27.877949
84752, b, 3, b3, 0x36b0ea27c11bbec0, 2023-01-06 16:06:27.861391
84752, r, 1, r1, 0x36b0ea27c11bbec0, 2023-01-06 16:06:34.058229
84753, r, 3, r3, 0x36b0ea27c11bbec0, 2023-01-06 16:09:53.319482
84753, b, 3, b3, 0x36b0ea27c11bbec0, 2023-01-06 16:09:53.349274
84753, r, 1, r1, 0x36b0ea27c11bbec0, 2023-01-06 16:09:59.522722
84763, r, 3, r3, 0x36b0ea27c11bbec0, 2023-01-07 08:00:14.589345
84763, b, 3, b3, 0x36b0ea27c11bbec0, 2023-01-07 08:00:14.460912
84763, r, 1, r1, 0x36b0ea27c11bbec0, 2023-01-07 08:00:20.722666
84764, r, 3, r3, 0x36b0ea27c11bbec0, 2023-01-07 08:01:09.922171
84764, b, 3, b3, 0x36b0ea27c11bbec0, 2023-01-07 08:01:09.934646
84764, r, 1, r1, 0x36b0ea27c11bbec0, 2023-01-07 08:01:16.055265
84765, r, 3, r3, 0x36b0ea27c11bbec0, 2023-01-07 08:02:05.346576
84765, b, 3, b3, 0x36b0ea27c11bbec0, 2023-01-07 08:02:05.30508
84765, r, 1, r1, 0x36b0ea27c11bbec0, 2023-01-07 08:02:11.509475
84766, r, 3, r3, 0x36b0ea27c11bbec0, 2023-01-07 08:03:02.266064
84766, b, 3, b3, 0x36b0ea27c11bbec0, 2023-01-07 08:03:02.275312
84766, r, 1, r1, 0x36b0ea27c11bbec0, 2023-01-07 08:03:08.401405
84767, r, 3, r3, 0x36b0ea27c11bbec0, 2023-01-07 08:06:27.555015
84767, b, 3, b3, 0x36b0ea27c11bbec0, 2023-01-07 08:06:27.58095
84767, r, 1, r1, 0x36b0ea27c11bbec0, 2023-01-07 08:06:33.768614
84768, r, 3, r3, 0x36b0ea27c11bbec0, 2023-01-07 08:09:53.032042
84768, b, 3, b3, 0x36b0ea27c11bbec0, 2023-01-07 08:09:53.104459
84768, r, 1, r1, 0x36b0ea27c11bbec0, 2023-01-07 08:09:59.252419
84769, r, 3, r3, 0x36b0ea27c11bbec0, 2023-01-07 10:00:14.68159
84769, b, 3, b3, 0x36b0ea27c11bbec0, 2023-01-07 10:00:14.718212
84769, r, 1, r1, 0x36b0ea27c11bbec0, 2023-01-07 10:00:20.89992
84770, r, 3, r3, 0x36b0ea27c11bbec0, 2023-01-07 10:01:10.306564
84770, b, 3, b3, 0x36b0ea27c11bbec0, 2023-01-07 10:01:10.285064
84770, r, 1, r1, 0x36b0ea27c11bbec0, 2023-01-07 10:01:16.481603
84771, r, 3, r3, 0x36b0ea27c11bbec0, 2023-01-07 10:02:05.724603
84771, b, 3, b3, 0x36b0ea27c11bbec0, 2023-01-07 10:02:05.75565
84771, r, 1, r1, 0x36b0ea27c11bbec0, 2023-01-07 10:02:11.888276
84772, r, 3, r3, 0x36b0ea27c11bbec0, 2023-01-07 10:03:02.442971
84772, b, 3, b3, 0x36b0ea27c11bbec0, 2023-01-07 10:03:02.3224
84772, r, 1, r1, 0x36b0ea27c11bbec0, 2023-01-07 10:03:08.623003
84773, r, 3, r3, 0x36b0ea27c11bbec0, 2023-01-07 10:06:27.810664
84773, b, 3, b3, 0x36b0ea27c11bbec0, 2023-01-07 10:06:27.788551
84773, r, 1, r1, 0x36b0ea27c11bbec0, 2023-01-07 10:06:33.932802
84774, r, 3, r3, 0x36b0ea27c11bbec0, 2023-01-07 10:09:53.080069
84774, b, 3, b3, 0x36b0ea27c11bbec0, 2023-01-07 10:09:53.09744
84774, r, 1, r1, 0x36b0ea27c11bbec0, 2023-01-07 10:09:59.216096
84775, r, 3, r3, 0x36b0ea27c11bbec0, 2023-01-07 12:00:14.919995
84775, b, 3, b3, 0x36b0ea27c11bbec0, 2023-01-07 12:00:15.020826
84775, r, 1, r1, 0x36b0ea27c11bbec0, 2023-01-07 12:00:21.111744
84776, r, 3, r3, 0x36b0ea27c11bbec0, 2023-01-07 12:01:10.52606
84776, b, 3, b3, 0x36b0ea27c11bbec0, 2023-01-07 12:01:10.49637
84776, r, 1, r1, 0x36b0ea27c11bbec0, 2023-01-07 12:01:16.625588
84777, r, 3, r3, 0x36b0ea27c11bbec0, 2023-01-07 12:02:05.831093
84777, b, 3, b3, 0x36b0ea27c11bbec0, 2023-01-07 12:02:05.859628
84777, r, 1, r1, 0x36b0ea27c11bbec0, 2023-01-07 12:02:12.043639
84778, r, 3, r3, 0x36b0ea27c11bbec0, 2023-01-07 12:03:02.636562
84778, b, 3, b3, 0x36b0ea27c11bbec0, 2023-01-07 12:03:02.629446
84778, r, 1, r1, 0x36b0ea27c11bbec0, 2023-01-07 12:03:08.857232
84779, r, 3, r3, 0x36b0ea27c11bbec0, 2023-01-07 12:06:28.248377
84779, b, 3, b3, 0x36b0ea27c11bbec0, 2023-01-07 12:06:28.24502
84779, r, 1, r1, 0x36b0ea27c11bbec0, 2023-01-07 12:06:34.422791
84780, r, 3, r3, 0x36b0ea27c11bbec0, 2023-01-07 12:09:53.646861
84780, b, 3, b3, 0x36b0ea27c11bbec0, 2023-01-07 12:09:53.570673
84780, r, 1, r1, 0x36b0ea27c11bbec0, 2023-01-07 12:09:59.796621
84781, r, 3, r3, 0x36b0ea27c11bbec0, 2023-01-07 14:00:15.061522
84781, b, 3, b3, 0x36b0ea27c11bbec0, 2023-01-07 14:00:14.980456
84781, r, 1, r1, 0x36b0ea27c11bbec0, 2023-01-07 14:00:21.261997
84782, r, 3, r3, 0x36b0ea27c11bbec0, 2023-01-07 14:01:34.820066
84782, b, 3, b3, 0x36b0ea27c11bbec0, 2023-01-07 14:01:34.750631
84782, r, 1, r1, 0x36b0ea27c11bbec0, 2023-01-07 14:01:40.972486
84783, r, 3, r3, 0x36b0ea27c11bbec0, 2023-01-07 14:02:30.269715
84783, b, 3, b3, 0x36b0ea27c11bbec0, 2023-01-07 14:02:30.218781
84783, r, 1, r1, 0x36b0ea27c11bbec0, 2023-01-07 14:02:36.398895
84784, r, 3, r3, 0x36b0ea27c11bbec0, 2023-01-07 14:03:26.849626
84784, b, 3, b3, 0x36b0ea27c11bbec0, 2023-01-07 14:03:26.875764
84784, r, 1, r1, 0x36b0ea27c11bbec0, 2023-01-07 14:03:33.020901
84785, r, 3, r3, 0x36b0ea27c11bbec0, 2023-01-07 14:06:52.282145
84785, b, 3, b3, 0x36b0ea27c11bbec0, 2023-01-07 14:06:52.385729
84785, r, 1, r1, 0x36b0ea27c11bbec0, 2023-01-07 14:06:58.426097
84786, r, 3, r3, 0x36b0ea27c11bbec0, 2023-01-07 14:10:17.71138
84786, b, 3, b3, 0x36b0ea27c11bbec0, 2023-01-07 14:10:17.801748
84786, r, 1, r1, 0x36b0ea27c11bbec0, 2023-01-07 14:10:23.931298
84787, r, 3, r3, 0x36b0ea27c11bbec0, 2023-01-07 16:00:14.26023
84787, b, 3, b3, 0x36b0ea27c11bbec0, 2023-01-07 16:00:14.212033
84787, r, 1, r1, 0x36b0ea27c11bbec0, 2023-01-07 16:00:20.437207
84788, r, 3, r3, 0x36b0ea27c11bbec0, 2023-01-07 16:01:09.562545
84788, b, 3, b3, 0x36b0ea27c11bbec0, 2023-01-07 16:01:09.596997
84788, r, 1, r1, 0x36b0ea27c11bbec0, 2023-01-07 16:01:15.786889
84789, r, 3, r3, 0x36b0ea27c11bbec0, 2023-01-07 16:02:05.16408
84789, b, 3, b3, 0x36b0ea27c11bbec0, 2023-01-07 16:02:05.084792
84789, r, 1, r1, 0x36b0ea27c11bbec0, 2023-01-07 16:02:11.331222
84790, r, 3, r3, 0x36b0ea27c11bbec0, 2023-01-07 16:03:01.667956
84790, b, 3, b3, 0x36b0ea27c11bbec0, 2023-01-07 16:03:01.570224
84790, r, 1, r1, 0x36b0ea27c11bbec0, 2023-01-07 16:03:07.877186
84791, r, 3, r3, 0x36b0ea27c11bbec0, 2023-01-07 16:06:27.095818
84791, b, 3, b3, 0x36b0ea27c11bbec0, 2023-01-07 16:06:27.165535
84791, r, 1, r1, 0x36b0ea27c11bbec0, 2023-01-07 16:06:33.330997
84792, r, 3, r3, 0x36b0ea27c11bbec0, 2023-01-07 16:09:52.411207
84792, b, 3, b3, 0x36b0ea27c11bbec0, 2023-01-07 16:09:52.434591
84792, r, 1, r1, 0x36b0ea27c11bbec0, 2023-01-07 16:09:58.585603
84795, r, 3, r3, 0x36b0ea27c11bbec0, 2023-01-08 08:00:14.816603
84795, b, 3, b3, 0x36b0ea27c11bbec0, 2023-01-08 08:00:14.88281
84795, r, 1, r1, 0x36b0ea27c11bbec0, 2023-01-08 08:00:20.971046
84796, r, 3, r3, 0x36b0ea27c11bbec0, 2023-01-08 08:01:10.226025
84796, b, 3, b3, 0x36b0ea27c11bbec0, 2023-01-08 08:01:10.273581
84796, r, 1, r1, 0x36b0ea27c11bbec0, 2023-01-08 08:01:16.419203
84797, r, 3, r3, 0x36b0ea27c11bbec0, 2023-01-08 08:02:09.523541
84797, b, 3, b3, 0x36b0ea27c11bbec0, 2023-01-08 08:02:09.525794
84797, r, 1, r1, 0x36b0ea27c11bbec0, 2023-01-08 08:02:15.754806
84798, r, 3, r3, 0x36b0ea27c11bbec0, 2023-01-08 08:03:06.927783
84798, b, 3, b3, 0x36b0ea27c11bbec0, 2023-01-08 08:03:06.99195
84798, r, 1, r1, 0x36b0ea27c11bbec0, 2023-01-08 08:03:13.09615
84799, r, 3, r3, 0x36b0ea27c11bbec0, 2023-01-08 08:06:32.377414
84799, b, 3, b3, 0x36b0ea27c11bbec0, 2023-01-08 08:06:32.468405
84799, r, 1, r1, 0x36b0ea27c11bbec0, 2023-01-08 08:06:38.55065
84800, r, 3, r3, 0x36b0ea27c11bbec0, 2023-01-08 08:09:57.616732
84800, b, 3, b3, 0x36b0ea27c11bbec0, 2023-01-08 08:09:57.633966
84800, r, 1, r1, 0x36b0ea27c11bbec0, 2023-01-08 08:10:03.817583
84801, r, 3, r3, 0x36b0ea27c11bbec0, 2023-01-08 10:00:14.919291
84801, b, 3, b3, 0x36b0ea27c11bbec0, 2023-01-08 10:00:14.894462
84801, r, 1, r1, 0x36b0ea27c11bbec0, 2023-01-08 10:00:21.129739
84802, r, 3, r3, 0x36b0ea27c11bbec0, 2023-01-08 10:01:10.631686
84802, b, 3, b3, 0x36b0ea27c11bbec0, 2023-01-08 10:01:10.485415
84802, r, 1, r1, 0x36b0ea27c11bbec0, 2023-01-08 10:01:16.747697
84803, r, 3, r3, 0x36b0ea27c11bbec0, 2023-01-08 10:02:06.249965
84803, b, 3, b3, 0x36b0ea27c11bbec0, 2023-01-08 10:02:06.278101
84803, r, 1, r1, 0x36b0ea27c11bbec0, 2023-01-08 10:02:12.384612
84804, r, 3, r3, 0x36b0ea27c11bbec0, 2023-01-08 10:03:02.763005
84804, b, 3, b3, 0x36b0ea27c11bbec0, 2023-01-08 10:03:02.774415
84804, r, 1, r1, 0x36b0ea27c11bbec0, 2023-01-08 10:03:08.918017
84805, r, 3, r3, 0x36b0ea27c11bbec0, 2023-01-08 10:06:28.199571
84805, b, 3, b3, 0x36b0ea27c11bbec0, 2023-01-08 10:06:28.245491
84805, r, 1, r1, 0x36b0ea27c11bbec0, 2023-01-08 10:06:34.319184
84806, r, 3, r3, 0x36b0ea27c11bbec0, 2023-01-08 10:09:53.818963
84806, b, 3, b3, 0x36b0ea27c11bbec0, 2023-01-08 10:09:53.794149
84806, r, 1, r1, 0x36b0ea27c11bbec0, 2023-01-08 10:09:59.93963
84807, r, 3, r3, 0x36b0ea27c11bbec0, 2023-01-08 12:00:14.634649
84807, b, 3, b3, 0x36b0ea27c11bbec0, 2023-01-08 12:00:14.618313
84807, r, 1, r1, 0x36b0ea27c11bbec0, 2023-01-08 12:00:20.780451
84808, r, 3, r3, 0x36b0ea27c11bbec0, 2023-01-08 12:01:09.946739
84808, b, 3, b3, 0x36b0ea27c11bbec0, 2023-01-08 12:01:09.994331
84808, r, 1, r1, 0x36b0ea27c11bbec0, 2023-01-08 12:01:16.141695
84809, r, 3, r3, 0x36b0ea27c11bbec0, 2023-01-08 12:02:05.269204
84809, b, 3, b3, 0x36b0ea27c11bbec0, 2023-01-08 12:02:05.262103
84809, r, 1, r1, 0x36b0ea27c11bbec0, 2023-01-08 12:02:11.467055
84810, r, 3, r3, 0x36b0ea27c11bbec0, 2023-01-08 12:03:01.783731
84810, b, 3, b3, 0x36b0ea27c11bbec0, 2023-01-08 12:03:01.820514
84810, r, 1, r1, 0x36b0ea27c11bbec0, 2023-01-08 12:03:07.897312
84811, r, 3, r3, 0x36b0ea27c11bbec0, 2023-01-08 12:06:27.136832
84811, b, 3, b3, 0x36b0ea27c11bbec0, 2023-01-08 12:06:27.203721
84811, r, 1, r1, 0x36b0ea27c11bbec0, 2023-01-08 12:06:33.348762
84812, r, 3, r3, 0x36b0ea27c11bbec0, 2023-01-08 12:09:52.365488
84812, b, 3, b3, 0x36b0ea27c11bbec0, 2023-01-08 12:09:52.41026
84812, r, 1, r1, 0x36b0ea27c11bbec0, 2023-01-08 12:09:58.580817
84813, r, 3, r3, 0x36b0ea27c11bbec0, 2023-01-08 14:00:13.964047
84813, b, 3, b3, 0x36b0ea27c11bbec0, 2023-01-08 14:00:13.96783
84813, r, 1, r1, 0x36b0ea27c11bbec0, 2023-01-08 14:00:20.229653
84814, r, 3, r3, 0x36b0ea27c11bbec0, 2023-01-08 14:01:09.476844
84814, b, 3, b3, 0x36b0ea27c11bbec0, 2023-01-08 14:01:09.442902
84814, r, 1, r1, 0x36b0ea27c11bbec0, 2023-01-08 14:01:15.652057
84815, r, 3, r3, 0x36b0ea27c11bbec0, 2023-01-08 14:02:04.888458
84815, b, 3, b3, 0x36b0ea27c11bbec0, 2023-01-08 14:02:04.81778
84815, r, 1, r1, 0x36b0ea27c11bbec0, 2023-01-08 14:02:11.121518
84816, r, 3, r3, 0x36b0ea27c11bbec0, 2023-01-08 14:03:01.594128
84816, b, 3, b3, 0x36b0ea27c11bbec0, 2023-01-08 14:03:01.591993
84816, r, 1, r1, 0x36b0ea27c11bbec0, 2023-01-08 14:03:07.74989
84817, r, 3, r3, 0x36b0ea27c11bbec0, 2023-01-08 14:06:26.79957
84817, b, 3, b3, 0x36b0ea27c11bbec0, 2023-01-08 14:06:26.786087
84817, r, 1, r1, 0x36b0ea27c11bbec0, 2023-01-08 14:06:32.921854
84818, r, 3, r3, 0x36b0ea27c11bbec0, 2023-01-08 14:09:52.046364
84818, b, 3, b3, 0x36b0ea27c11bbec0, 2023-01-08 14:09:52.079479
84818, r, 1, r1, 0x36b0ea27c11bbec0, 2023-01-08 14:09:58.205636
84819, r, 3, r3, 0x36b0ea27c11bbec0, 2023-01-08 16:00:15.15668
84819, b, 3, b3, 0x36b0ea27c11bbec0, 2023-01-08 16:00:15.160376
84819, r, 1, r1, 0x36b0ea27c11bbec0, 2023-01-08 16:00:21.298404
84820, r, 3, r3, 0x36b0ea27c11bbec0, 2023-01-08 16:01:10.773683
84820, b, 3, b3, 0x36b0ea27c11bbec0, 2023-01-08 16:01:10.725035
84820, r, 1, r1, 0x36b0ea27c11bbec0, 2023-01-08 16:01:16.95453
84821, r, 3, r3, 0x36b0ea27c11bbec0, 2023-01-08 16:02:05.979206
84821, b, 3, b3, 0x36b0ea27c11bbec0, 2023-01-08 16:02:06.080022
84821, r, 1, r1, 0x36b0ea27c11bbec0, 2023-01-08 16:02:12.215372
84822, r, 3, r3, 0x36b0ea27c11bbec0, 2023-01-08 16:03:02.883556
84822, b, 3, b3, 0x36b0ea27c11bbec0, 2023-01-08 16:03:02.834039
84822, r, 1, r1, 0x36b0ea27c11bbec0, 2023-01-08 16:03:09.065754
84823, r, 3, r3, 0x36b0ea27c11bbec0, 2023-01-08 16:06:28.278858
84823, b, 3, b3, 0x36b0ea27c11bbec0, 2023-01-08 16:06:28.308887
84823, r, 1, r1, 0x36b0ea27c11bbec0, 2023-01-08 16:06:34.441957
84824, r, 3, r3, 0x36b0ea27c11bbec0, 2023-01-08 16:09:53.671343
84824, b, 3, b3, 0x36b0ea27c11bbec0, 2023-01-08 16:09:53.684496
84824, r, 1, r1, 0x36b0ea27c11bbec0, 2023-01-08 16:09:59.827857
84827, r, 3, r3, 0x36b0ea27c11bbec0, 2023-01-09 08:00:15.245368
84827, b, 3, b3, 0x36b0ea27c11bbec0, 2023-01-09 08:00:15.29353
84827, r, 1, r1, 0x36b0ea27c11bbec0, 2023-01-09 08:00:21.449891
84828, r, 3, r3, 0x36b0ea27c11bbec0, 2023-01-09 08:01:10.671263
84828, b, 3, b3, 0x36b0ea27c11bbec0, 2023-01-09 08:01:10.745913
84828, r, 1, r1, 0x36b0ea27c11bbec0, 2023-01-09 08:01:16.928892
84829, r, 3, r3, 0x36b0ea27c11bbec0, 2023-01-09 08:02:06.290082
84829, b, 3, b3, 0x36b0ea27c11bbec0, 2023-01-09 08:02:06.33758
84829, r, 1, r1, 0x36b0ea27c11bbec0, 2023-01-09 08:02:12.400624
84830, r, 3, r3, 0x36b0ea27c11bbec0, 2023-01-09 08:03:03.214782
84830, b, 3, b3, 0x36b0ea27c11bbec0, 2023-01-09 08:03:03.272595
84830, r, 1, r1, 0x36b0ea27c11bbec0, 2023-01-09 08:03:09.359556
84831, r, 3, r3, 0x36b0ea27c11bbec0, 2023-01-09 08:06:28.697432
84831, b, 3, b3, 0x36b0ea27c11bbec0, 2023-01-09 08:06:28.666747
84831, r, 1, r1, 0x36b0ea27c11bbec0, 2023-01-09 08:06:34.888012
84832, r, 3, r3, 0x36b0ea27c11bbec0, 2023-01-09 08:09:54.045561
84832, b, 3, b3, 0x36b0ea27c11bbec0, 2023-01-09 08:09:54.161504
84832, r, 1, r1, 0x36b0ea27c11bbec0, 2023-01-09 08:10:00.239896
84833, r, 3, r3, 0x36b0ea27c11bbec0, 2023-01-09 10:00:14.535835
84833, b, 3, b3, 0x36b0ea27c11bbec0, 2023-01-09 10:00:14.581665
84833, r, 1, r1, 0x36b0ea27c11bbec0, 2023-01-09 10:00:20.689509
84834, r, 3, r3, 0x36b0ea27c11bbec0, 2023-01-09 10:01:10.140415
84834, b, 3, b3, 0x36b0ea27c11bbec0, 2023-01-09 10:01:10.157468
84834, r, 1, r1, 0x36b0ea27c11bbec0, 2023-01-09 10:01:16.26282
84835, r, 3, r3, 0x36b0ea27c11bbec0, 2023-01-09 10:02:05.448294
84835, b, 3, b3, 0x36b0ea27c11bbec0, 2023-01-09 10:02:05.533489
84835, r, 1, r1, 0x36b0ea27c11bbec0, 2023-01-09 10:02:11.63613
84836, r, 3, r3, 0x36b0ea27c11bbec0, 2023-01-09 10:03:02.443759
84836, b, 3, b3, 0x36b0ea27c11bbec0, 2023-01-09 10:03:02.5075
84836, r, 1, r1, 0x36b0ea27c11bbec0, 2023-01-09 10:03:08.608681
84837, r, 3, r3, 0x36b0ea27c11bbec0, 2023-01-09 10:06:27.91357
84837, b, 3, b3, 0x36b0ea27c11bbec0, 2023-01-09 10:06:27.936886
84837, r, 1, r1, 0x36b0ea27c11bbec0, 2023-01-09 10:06:34.070648
84838, r, 3, r3, 0x36b0ea27c11bbec0, 2023-01-09 10:09:53.393058
84838, b, 3, b3, 0x36b0ea27c11bbec0, 2023-01-09 10:09:53.314581
84838, r, 1, r1, 0x36b0ea27c11bbec0, 2023-01-09 10:09:59.499806
84839, r, 3, r3, 0x36b0ea27c11bbec0, 2023-01-09 12:00:17.452065
84839, b, 3, b3, 0x36b0ea27c11bbec0, 2023-01-09 12:00:17.54054
84839, r, 1, r1, 0x36b0ea27c11bbec0, 2023-01-09 12:00:23.622997
84840, r, 3, r3, 0x36b0ea27c11bbec0, 2023-01-09 12:01:12.970814
84840, b, 3, b3, 0x36b0ea27c11bbec0, 2023-01-09 12:01:12.916522
84840, r, 1, r1, 0x36b0ea27c11bbec0, 2023-01-09 12:01:19.077975
84841, r, 3, r3, 0x36b0ea27c11bbec0, 2023-01-09 12:02:08.481904
84841, b, 3, b3, 0x36b0ea27c11bbec0, 2023-01-09 12:02:08.587608
84841, r, 1, r1, 0x36b0ea27c11bbec0, 2023-01-09 12:02:14.74088
84842, r, 3, r3, 0x36b0ea27c11bbec0, 2023-01-09 12:03:05.099101
84842, b, 3, b3, 0x36b0ea27c11bbec0, 2023-01-09 12:03:05.060122
84842, r, 1, r1, 0x36b0ea27c11bbec0, 2023-01-09 12:03:11.195003
84843, r, 3, r3, 0x36b0ea27c11bbec0, 2023-01-09 12:06:30.327254
84843, b, 3, b3, 0x36b0ea27c11bbec0, 2023-01-09 12:06:30.163685
84843, r, 1, r1, 0x36b0ea27c11bbec0, 2023-01-09 12:06:36.468892
84844, r, 3, r3, 0x36b0ea27c11bbec0, 2023-01-09 12:09:55.482812
84844, b, 3, b3, 0x36b0ea27c11bbec0, 2023-01-09 12:09:55.572654
84844, r, 1, r1, 0x36b0ea27c11bbec0, 2023-01-09 12:10:01.657438
84845, r, 3, r3, 0x36b0ea27c11bbec0, 2023-01-09 14:00:15.20968
84845, b, 3, b3, 0x36b0ea27c11bbec0, 2023-01-09 14:00:15.211011
84845, r, 1, r1, 0x36b0ea27c11bbec0, 2023-01-09 14:00:21.412718
84846, r, 3, r3, 0x36b0ea27c11bbec0, 2023-01-09 14:01:10.62207
84846, b, 3, b3, 0x36b0ea27c11bbec0, 2023-01-09 14:01:10.670061
84846, r, 1, r1, 0x36b0ea27c11bbec0, 2023-01-09 14:01:16.770184
84847, r, 3, r3, 0x36b0ea27c11bbec0, 2023-01-09 14:02:06.037482
84847, b, 3, b3, 0x36b0ea27c11bbec0, 2023-01-09 14:02:06.028628
84847, r, 1, r1, 0x36b0ea27c11bbec0, 2023-01-09 14:02:12.128014
84848, r, 3, r3, 0x36b0ea27c11bbec0, 2023-01-09 14:03:02.64585
84848, b, 3, b3, 0x36b0ea27c11bbec0, 2023-01-09 14:03:02.688923
84848, r, 1, r1, 0x36b0ea27c11bbec0, 2023-01-09 14:03:08.774242
84849, r, 3, r3, 0x36b0ea27c11bbec0, 2023-01-09 14:06:27.983227
84849, b, 3, b3, 0x36b0ea27c11bbec0, 2023-01-09 14:06:28.057922
84849, r, 1, r1, 0x36b0ea27c11bbec0, 2023-01-09 14:06:34.172798
84850, r, 3, r3, 0x36b0ea27c11bbec0, 2023-01-09 14:09:53.518839
84850, b, 3, b3, 0x36b0ea27c11bbec0, 2023-01-09 14:09:53.531019
84850, r, 1, r1, 0x36b0ea27c11bbec0, 2023-01-09 14:09:59.649484
84851, r, 3, r3, 0x36b0ea27c11bbec0, 2023-01-09 16:00:15.029243
84851, b, 3, b3, 0x36b0ea27c11bbec0, 2023-01-09 16:00:14.9809
84851, r, 1, r1, 0x36b0ea27c11bbec0, 2023-01-09 16:00:21.134328
84852, r, 3, r3, 0x36b0ea27c11bbec0, 2023-01-09 16:01:10.242691
84852, b, 3, b3, 0x36b0ea27c11bbec0, 2023-01-09 16:01:10.240085
84852, r, 1, r1, 0x36b0ea27c11bbec0, 2023-01-09 16:01:16.380394
84853, r, 3, r3, 0x36b0ea27c11bbec0, 2023-01-09 16:02:05.555815
84853, b, 3, b3, 0x36b0ea27c11bbec0, 2023-01-09 16:02:05.609743
84853, r, 1, r1, 0x36b0ea27c11bbec0, 2023-01-09 16:02:11.727791
84854, r, 3, r3, 0x36b0ea27c11bbec0, 2023-01-09 16:03:02.261659
84854, b, 3, b3, 0x36b0ea27c11bbec0, 2023-01-09 16:03:02.272299
84854, r, 1, r1, 0x36b0ea27c11bbec0, 2023-01-09 16:03:08.468385
84855, r, 3, r3, 0x36b0ea27c11bbec0, 2023-01-09 16:06:27.975621
84855, b, 3, b3, 0x36b0ea27c11bbec0, 2023-01-09 16:06:27.97016
84855, r, 1, r1, 0x36b0ea27c11bbec0, 2023-01-09 16:06:34.098019
84856, r, 3, r3, 0x36b0ea27c11bbec0, 2023-01-09 16:09:53.380107
84856, b, 3, b3, 0x36b0ea27c11bbec0, 2023-01-09 16:09:53.366486
84856, r, 1, r1, 0x36b0ea27c11bbec0, 2023-01-09 16:09:59.535694
84857, r, 3, r3, 0x36b0ea27c11bbec0, 2023-01-10 08:00:15.141346
84857, b, 3, b3, 0x36b0ea27c11bbec0, 2023-01-10 08:00:15.192093
84857, r, 1, r1, 0x36b0ea27c11bbec0, 2023-01-10 08:00:21.355193
84858, r, 3, r3, 0x36b0ea27c11bbec0, 2023-01-10 08:01:10.646912
84858, b, 3, b3, 0x36b0ea27c11bbec0, 2023-01-10 08:01:10.561878
84858, r, 1, r1, 0x36b0ea27c11bbec0, 2023-01-10 08:01:16.805426
84859, r, 3, r3, 0x36b0ea27c11bbec0, 2023-01-10 08:02:06.381469
84859, b, 3, b3, 0x36b0ea27c11bbec0, 2023-01-10 08:02:06.334073
84859, r, 1, r1, 0x36b0ea27c11bbec0, 2023-01-10 08:02:12.548749
84860, r, 3, r3, 0x36b0ea27c11bbec0, 2023-01-10 08:03:03.355877
84860, b, 3, b3, 0x36b0ea27c11bbec0, 2023-01-10 08:03:03.397589
84860, r, 1, r1, 0x36b0ea27c11bbec0, 2023-01-10 08:03:09.48976
84861, r, 3, r3, 0x36b0ea27c11bbec0, 2023-01-10 08:06:28.831908
84861, b, 3, b3, 0x36b0ea27c11bbec0, 2023-01-10 08:06:28.869933
84861, r, 1, r1, 0x36b0ea27c11bbec0, 2023-01-10 08:06:35.053724
84862, r, 1, r1, 0x36b0ea27c11bbec0, 2023-01-10 08:10:00.527401
84862, r, 3, r3, 0x36b0ea27c11bbec0, 2023-01-10 08:09:54.316822
84862, b, 3, b3, 0x36b0ea27c11bbec0, 2023-01-10 08:09:54.360722
84863, r, 3, r3, 0x36b0ea27c11bbec0, 2023-01-10 10:00:14.614987
84863, b, 3, b3, 0x36b0ea27c11bbec0, 2023-01-10 10:00:14.730702
84863, r, 1, r1, 0x36b0ea27c11bbec0, 2023-01-10 10:00:20.809108
84864, r, 3, r3, 0x36b0ea27c11bbec0, 2023-01-10 10:01:09.90165
84864, b, 3, b3, 0x36b0ea27c11bbec0, 2023-01-10 10:01:09.895118
84864, r, 1, r1, 0x36b0ea27c11bbec0, 2023-01-10 10:01:16.057656
84865, r, 3, r3, 0x36b0ea27c11bbec0, 2023-01-10 10:02:05.19264
84865, b, 3, b3, 0x36b0ea27c11bbec0, 2023-01-10 10:02:05.253334
84865, r, 1, r1, 0x36b0ea27c11bbec0, 2023-01-10 10:02:11.383547
84866, r, 3, r3, 0x36b0ea27c11bbec0, 2023-01-10 10:03:01.779208
84866, b, 3, b3, 0x36b0ea27c11bbec0, 2023-01-10 10:03:01.81369
84866, r, 1, r1, 0x36b0ea27c11bbec0, 2023-01-10 10:03:07.917084
84867, r, 3, r3, 0x36b0ea27c11bbec0, 2023-01-10 10:06:27.024375
84867, b, 3, b3, 0x36b0ea27c11bbec0, 2023-01-10 10:06:27.084478
84867, r, 1, r1, 0x36b0ea27c11bbec0, 2023-01-10 10:06:33.164336
84868, r, 3, r3, 0x36b0ea27c11bbec0, 2023-01-10 10:09:52.365691
84868, b, 3, b3, 0x36b0ea27c11bbec0, 2023-01-10 10:09:52.378685
84868, r, 1, r1, 0x36b0ea27c11bbec0, 2023-01-10 10:09:58.537292
84869, r, 3, r3, 0x36b0ea27c11bbec0, 2023-01-10 12:00:14.147645
84869, b, 3, b3, 0x36b0ea27c11bbec0, 2023-01-10 12:00:14.174717
84869, r, 1, r1, 0x36b0ea27c11bbec0, 2023-01-10 12:00:20.357538
84870, r, 3, r3, 0x36b0ea27c11bbec0, 2023-01-10 12:01:09.849006
84870, b, 3, b3, 0x36b0ea27c11bbec0, 2023-01-10 12:01:09.736835
84870, r, 1, r1, 0x36b0ea27c11bbec0, 2023-01-10 12:01:15.963947
84871, r, 3, r3, 0x36b0ea27c11bbec0, 2023-01-10 12:02:05.455124
84871, b, 3, b3, 0x36b0ea27c11bbec0, 2023-01-10 12:02:05.405305
84871, r, 1, r1, 0x36b0ea27c11bbec0, 2023-01-10 12:02:11.637519
84872, r, 3, r3, 0x36b0ea27c11bbec0, 2023-01-10 12:03:02.454499
84872, b, 3, b3, 0x36b0ea27c11bbec0, 2023-01-10 12:03:02.467384
84872, r, 1, r1, 0x36b0ea27c11bbec0, 2023-01-10 12:03:08.548509
84873, r, 3, r3, 0x36b0ea27c11bbec0, 2023-01-10 12:06:27.803733
84873, b, 3, b3, 0x36b0ea27c11bbec0, 2023-01-10 12:06:27.836252
84873, r, 1, r1, 0x36b0ea27c11bbec0, 2023-01-10 12:06:34.001253
84874, r, 3, r3, 0x36b0ea27c11bbec0, 2023-01-10 12:09:53.336574
84874, b, 3, b3, 0x36b0ea27c11bbec0, 2023-01-10 12:09:53.299006
84874, r, 1, r1, 0x36b0ea27c11bbec0, 2023-01-10 12:09:59.413217
84875, r, 3, r3, 0x36b0ea27c11bbec0, 2023-01-10 14:00:14.565363
84875, b, 3, b3, 0x36b0ea27c11bbec0, 2023-01-10 14:00:14.6654
84875, r, 1, r1, 0x36b0ea27c11bbec0, 2023-01-10 14:00:20.754157
84876, r, 3, r3, 0x36b0ea27c11bbec0, 2023-01-10 14:01:10.180361
84876, b, 3, b3, 0x36b0ea27c11bbec0, 2023-01-10 14:01:10.233262
84876, r, 1, r1, 0x36b0ea27c11bbec0, 2023-01-10 14:01:16.39952
84877, r, 3, r3, 0x36b0ea27c11bbec0, 2023-01-10 14:02:05.896249
84877, b, 3, b3, 0x36b0ea27c11bbec0, 2023-01-10 14:02:05.945646
84877, r, 1, r1, 0x36b0ea27c11bbec0, 2023-01-10 14:02:12.040166
84878, r, 3, r3, 0x36b0ea27c11bbec0, 2023-01-10 14:03:02.610094
84878, b, 3, b3, 0x36b0ea27c11bbec0, 2023-01-10 14:03:02.58479
84878, r, 1, r1, 0x36b0ea27c11bbec0, 2023-01-10 14:03:08.775453
84879, r, 3, r3, 0x36b0ea27c11bbec0, 2023-01-10 14:06:27.961489
84879, b, 3, b3, 0x36b0ea27c11bbec0, 2023-01-10 14:06:27.895143
84879, r, 1, r1, 0x36b0ea27c11bbec0, 2023-01-10 14:06:34.116476
84880, r, 3, r3, 0x36b0ea27c11bbec0, 2023-01-10 14:09:53.294795
84880, b, 3, b3, 0x36b0ea27c11bbec0, 2023-01-10 14:09:53.295606
84880, r, 1, r1, 0x36b0ea27c11bbec0, 2023-01-10 14:09:59.470091
84881, r, 3, r3, 0x36b0ea27c11bbec0, 2023-01-10 16:00:14.840796
84881, b, 3, b3, 0x36b0ea27c11bbec0, 2023-01-10 16:00:14.763326
84881, r, 1, r1, 0x36b0ea27c11bbec0, 2023-01-10 16:00:21.01322
84882, r, 3, r3, 0x36b0ea27c11bbec0, 2023-01-10 16:01:10.33881
84882, b, 3, b3, 0x36b0ea27c11bbec0, 2023-01-10 16:01:10.350802
84882, r, 1, r1, 0x36b0ea27c11bbec0, 2023-01-10 16:01:16.554448
84883, r, 3, r3, 0x36b0ea27c11bbec0, 2023-01-10 16:02:05.836045
84883, b, 3, b3, 0x36b0ea27c11bbec0, 2023-01-10 16:02:05.842572
84883, r, 1, r1, 0x36b0ea27c11bbec0, 2023-01-10 16:02:11.994334
84884, r, 3, r3, 0x36b0ea27c11bbec0, 2023-01-10 16:03:02.429954
84884, b, 3, b3, 0x36b0ea27c11bbec0, 2023-01-10 16:03:02.530128
84884, r, 1, r1, 0x36b0ea27c11bbec0, 2023-01-10 16:03:08.634769
84885, r, 3, r3, 0x36b0ea27c11bbec0, 2023-01-10 16:06:27.988678
84885, b, 3, b3, 0x36b0ea27c11bbec0, 2023-01-10 16:06:28.095171
84885, r, 1, r1, 0x36b0ea27c11bbec0, 2023-01-10 16:06:34.205356
84886, r, 3, r3, 0x36b0ea27c11bbec0, 2023-01-10 16:09:53.660843
84886, b, 3, b3, 0x36b0ea27c11bbec0, 2023-01-10 16:09:53.558039
84886, r, 1, r1, 0x36b0ea27c11bbec0, 2023-01-10 16:09:59.779897
84905, r, 3, r3, 0x36b0ea27c11bbec0, 2023-01-11 08:00:14.348242
84905, b, 3, b3, 0x36b0ea27c11bbec0, 2023-01-11 08:00:14.377598
84905, r, 1, r1, 0x36b0ea27c11bbec0, 2023-01-11 08:00:20.557604
84906, r, 3, r3, 0x36b0ea27c11bbec0, 2023-01-11 08:01:09.556645
84906, b, 3, b3, 0x36b0ea27c11bbec0, 2023-01-11 08:01:09.645824
84906, r, 1, r1, 0x36b0ea27c11bbec0, 2023-01-11 08:01:15.770373
84907, r, 3, r3, 0x36b0ea27c11bbec0, 2023-01-11 08:02:04.971245
84907, b, 3, b3, 0x36b0ea27c11bbec0, 2023-01-11 08:02:05.025553
84907, r, 1, r1, 0x36b0ea27c11bbec0, 2023-01-11 08:02:11.116033
84908, r, 3, r3, 0x36b0ea27c11bbec0, 2023-01-11 08:03:01.37806
84908, b, 3, b3, 0x36b0ea27c11bbec0, 2023-01-11 08:03:01.385858
84908, r, 1, r1, 0x36b0ea27c11bbec0, 2023-01-11 08:03:07.554217
84909, r, 3, r3, 0x36b0ea27c11bbec0, 2023-01-11 08:06:26.705374
84909, b, 3, b3, 0x36b0ea27c11bbec0, 2023-01-11 08:06:26.798721
84909, r, 1, r1, 0x36b0ea27c11bbec0, 2023-01-11 08:06:32.930695
84910, r, 3, r3, 0x36b0ea27c11bbec0, 2023-01-11 08:09:52.220015
84910, b, 3, b3, 0x36b0ea27c11bbec0, 2023-01-11 08:09:52.128405
84910, r, 1, r1, 0x36b0ea27c11bbec0, 2023-01-11 08:09:58.32489
84911, r, 3, r3, 0x36b0ea27c11bbec0, 2023-01-11 10:00:14.748322
84911, b, 3, b3, 0x36b0ea27c11bbec0, 2023-01-11 10:00:14.801156
84911, r, 1, r1, 0x36b0ea27c11bbec0, 2023-01-11 10:00:20.965754
84912, r, 3, r3, 0x36b0ea27c11bbec0, 2023-01-11 10:01:11.261228
84912, b, 3, b3, 0x36b0ea27c11bbec0, 2023-01-11 10:01:11.309563
84912, r, 1, r1, 0x36b0ea27c11bbec0, 2023-01-11 10:01:17.50882
84913, r, 3, r3, 0x36b0ea27c11bbec0, 2023-01-11 10:02:06.705574
84913, b, 3, b3, 0x36b0ea27c11bbec0, 2023-01-11 10:02:06.655027
84913, r, 1, r1, 0x36b0ea27c11bbec0, 2023-01-11 10:02:12.852763
84914, r, 3, r3, 0x36b0ea27c11bbec0, 2023-01-11 10:03:03.29004
84914, b, 3, b3, 0x36b0ea27c11bbec0, 2023-01-11 10:03:03.33297
84914, r, 1, r1, 0x36b0ea27c11bbec0, 2023-01-11 10:03:09.396712
84915, r, 3, r3, 0x36b0ea27c11bbec0, 2023-01-11 10:06:28.922014
84915, b, 3, b3, 0x36b0ea27c11bbec0, 2023-01-11 10:06:28.977533
84915, r, 1, r1, 0x36b0ea27c11bbec0, 2023-01-11 10:06:35.045813
84916, r, 3, r3, 0x36b0ea27c11bbec0, 2023-01-11 10:09:54.350518
84916, b, 3, b3, 0x36b0ea27c11bbec0, 2023-01-11 10:09:54.340062
84916, r, 1, r1, 0x36b0ea27c11bbec0, 2023-01-11 10:10:00.598734
84917, r, 3, r3, 0x36b0ea27c11bbec0, 2023-01-11 12:00:14.845043
84917, b, 3, b3, 0x36b0ea27c11bbec0, 2023-01-11 12:00:14.767542
84917, r, 1, r1, 0x36b0ea27c11bbec0, 2023-01-11 12:00:21.057698
84918, r, 3, r3, 0x36b0ea27c11bbec0, 2023-01-11 12:01:10.461937
84918, b, 3, b3, 0x36b0ea27c11bbec0, 2023-01-11 12:01:10.344106
84918, r, 1, r1, 0x36b0ea27c11bbec0, 2023-01-11 12:01:16.611645
84919, r, 3, r3, 0x36b0ea27c11bbec0, 2023-01-11 12:02:05.880227
84919, b, 3, b3, 0x36b0ea27c11bbec0, 2023-01-11 12:02:05.727334
84919, r, 1, r1, 0x36b0ea27c11bbec0, 2023-01-11 12:02:11.967642
84920, r, 3, r3, 0x36b0ea27c11bbec0, 2023-01-11 12:03:02.296032
84920, b, 3, b3, 0x36b0ea27c11bbec0, 2023-01-11 12:03:02.209449
84920, r, 1, r1, 0x36b0ea27c11bbec0, 2023-01-11 12:03:08.419429
84921, r, 3, r3, 0x36b0ea27c11bbec0, 2023-01-11 12:06:27.455203
84921, b, 3, b3, 0x36b0ea27c11bbec0, 2023-01-11 12:06:27.45019
84921, r, 1, r1, 0x36b0ea27c11bbec0, 2023-01-11 12:06:33.588114
84922, r, 3, r3, 0x36b0ea27c11bbec0, 2023-01-11 12:09:53.09465
84922, b, 3, b3, 0x36b0ea27c11bbec0, 2023-01-11 12:09:53.113986
84922, r, 1, r1, 0x36b0ea27c11bbec0, 2023-01-11 12:09:59.251008
84923, r, 3, r3, 0x36b0ea27c11bbec0, 2023-01-11 14:00:14.609578
84923, b, 3, b3, 0x36b0ea27c11bbec0, 2023-01-11 14:00:14.619794
84923, r, 1, r1, 0x36b0ea27c11bbec0, 2023-01-11 14:00:20.748717
84924, r, 3, r3, 0x36b0ea27c11bbec0, 2023-01-11 14:01:10.03347
84924, b, 3, b3, 0x36b0ea27c11bbec0, 2023-01-11 14:01:09.996573
84924, r, 1, r1, 0x36b0ea27c11bbec0, 2023-01-11 14:01:16.245526
84925, r, 3, r3, 0x36b0ea27c11bbec0, 2023-01-11 14:02:05.751725
84925, b, 3, b3, 0x36b0ea27c11bbec0, 2023-01-11 14:02:05.681126
84925, r, 1, r1, 0x36b0ea27c11bbec0, 2023-01-11 14:02:11.975245
84926, r, 3, r3, 0x36b0ea27c11bbec0, 2023-01-11 14:03:02.371803
84926, b, 3, b3, 0x36b0ea27c11bbec0, 2023-01-11 14:03:02.359185
84926, r, 1, r1, 0x36b0ea27c11bbec0, 2023-01-11 14:03:08.53132
84927, r, 3, r3, 0x36b0ea27c11bbec0, 2023-01-11 14:06:27.71971
84927, b, 3, b3, 0x36b0ea27c11bbec0, 2023-01-11 14:06:27.724892
84927, r, 1, r1, 0x36b0ea27c11bbec0, 2023-01-11 14:06:33.912616
84928, r, 3, r3, 0x36b0ea27c11bbec0, 2023-01-11 14:09:53.135119
84928, b, 3, b3, 0x36b0ea27c11bbec0, 2023-01-11 14:09:53.020827
84928, r, 1, r1, 0x36b0ea27c11bbec0, 2023-01-11 14:09:59.320959
84929, r, 3, r3, 0x36b0ea27c11bbec0, 2023-01-11 16:00:14.814771
84929, b, 3, b3, 0x36b0ea27c11bbec0, 2023-01-11 16:00:14.865629
84929, r, 1, r1, 0x36b0ea27c11bbec0, 2023-01-11 16:00:21.000724
84930, r, 3, r3, 0x36b0ea27c11bbec0, 2023-01-11 16:01:10.126322
84930, b, 3, b3, 0x36b0ea27c11bbec0, 2023-01-11 16:01:10.227855
84930, r, 1, r1, 0x36b0ea27c11bbec0, 2023-01-11 16:01:16.363333
84931, r, 3, r3, 0x36b0ea27c11bbec0, 2023-01-11 16:02:05.748548
84931, b, 3, b3, 0x36b0ea27c11bbec0, 2023-01-11 16:02:05.604999
84931, r, 1, r1, 0x36b0ea27c11bbec0, 2023-01-11 16:02:11.929321
84932, r, 3, r3, 0x36b0ea27c11bbec0, 2023-01-11 16:03:02.460135
84932, b, 3, b3, 0x36b0ea27c11bbec0, 2023-01-11 16:03:02.480432
84932, r, 1, r1, 0x36b0ea27c11bbec0, 2023-01-11 16:03:08.688329
84933, r, 3, r3, 0x36b0ea27c11bbec0, 2023-01-11 16:06:27.910582
84933, b, 3, b3, 0x36b0ea27c11bbec0, 2023-01-11 16:06:27.80389
84933, r, 1, r1, 0x36b0ea27c11bbec0, 2023-01-11 16:06:34.109744
84934, r, 3, r3, 0x36b0ea27c11bbec0, 2023-01-11 16:09:53.342956
84934, b, 3, b3, 0x36b0ea27c11bbec0, 2023-01-11 16:09:53.303047
84934, r, 1, r1, 0x36b0ea27c11bbec0, 2023-01-11 16:09:59.527169
